{
  "VPT50@0.10": 28,
  "VPT50@0.25": 35,
  "VPT50@0.50": 42,
  "VPT80@0.10": 23,
  "VPT80@0.25": 28,
  "VPT80@0.50": 32,
  "max_horizon": 100,
  "nMSE@1": 0.0003420305729378015,
  "nMSE@10": 0.0013784539187327027,
  "nMSE@100": 61.38498306274414,
  "nMSE@5": 0.0010024067014455795,
  "nMSE@90": 32.61410903930664,
  "nMSE_AUC": 8.581489562988281,
  "nMSE_curve": [
    0.0003420305729378015,
    0.0006783218705095351,
    0.0007504300447180867,
    0.0008624329348094761,
    0.0010024067014455795,
    0.0010343010071665049,
    0.0010897188913077116,
    0.0011746217496693134,
    0.0012972007971256971,
    0.0013784539187327027,
    0.0014447872526943684,
    0.0015350161120295525,
    0.0017202020389959216,
    0.00194172328338027,
    0.0022370079532265663,
    0.0026549319736659527,
    0.003191291820257902,
    0.0038772590924054384,
    0.004684069659560919,
    0.005658234469592571,
    0.006868226453661919,
    0.008300229907035828,
    0.010113710537552834,
    0.012293783016502857,
    0.015024490654468536,
    0.01819932833313942,
    0.02174978330731392,
    0.025808334350585938,
    0.030359581112861633,
    0.03550536185503006,
    0.04127022624015808,
    0.04765511304140091,
    0.0546097569167614,
    0.062292639166116714,
    0.07113040238618851,
    0.08116579800844193,
    0.0923546552658081,
    0.10468057543039322,
    0.11859357357025146,
    0.13376423716545105,
    0.15080058574676514,
    0.1698671132326126,
    0.19060620665550232,
    0.21399155259132385,
    0.24011985957622528,
    0.26942530274391174,
    0.3029526472091675,
    0.3406541049480438,
    0.3835655450820923,
    0.43296390771865845,
    0.4895625114440918,
    0.5542938709259033,
    0.6282501220703125,
    0.7127338647842407,
    0.80901700258255,
    0.9194599986076355,
    1.045986533164978,
    1.1923569440841675,
    1.3604627847671509,
    1.5525124073028564,
    1.7707202434539795,
    2.0174977779388428,
    2.296015739440918,
    2.6095895767211914,
    2.9605565071105957,
    3.350980758666992,
    3.785475254058838,
    4.266573905944824,
    4.798224925994873,
    5.384403228759766,
    6.028586387634277,
    6.729187965393066,
    7.48963737487793,
    8.313145637512207,
    9.203388214111328,
    10.160400390625,
    11.188766479492188,
    12.29493522644043,
    13.487585067749023,
    14.762107849121094,
    16.1190185546875,
    17.566810607910156,
    19.107370376586914,
    20.73862075805664,
    22.46500015258789,
    24.29503059387207,
    26.225875854492188,
    28.253934860229492,
    30.38152313232422,
    32.61410903930664,
    34.95323181152344,
    37.41172790527344,
    39.99507141113281,
    42.694644927978516,
    45.50718307495117,
    48.43522644042969,
    51.48845291137695,
    54.66231918334961,
    57.96119689941406,
    61.38498306274414
  ],
  "one_step_rmse": 0.013044328428804874,
  "open_loop_rmse@horizon": 0.8768205642700195,
  "primary_metric": "VPT80@0.25",
  "step_nMSE@1": 0.0003420305729378015,
  "step_nMSE@10": 0.0021097317803651094,
  "step_nMSE@100": 400.3397216796875,
  "step_nMSE@5": 0.001562301767989993,
  "step_nMSE@90": 231.3143310546875,
  "step_nMSE_curve": [
    0.0003420305729378015,
    0.001014613313600421,
    0.00089464639313519,
    0.0011984414886683226,
    0.001562301767989993,
    0.0011937720701098442,
    0.0014222266618162394,
    0.0017689421074464917,
    0.0022778327111154795,
    0.0021097317803651094,
    0.0021081205923110247,
    0.002527532633394003,
    0.003942434675991535,
    0.004821499809622765,
    0.006370995193719864,
    0.008923789486289024,
    0.01177305355668068,
    0.015538696199655533,
    0.019206663593649864,
    0.024167362600564957,
    0.03106807917356491,
    0.03837229311466217,
    0.05001027509570122,
    0.06243544816970825,
    0.08056148886680603,
    0.09757029265165329,
    0.11406166106462479,
    0.13538913428783417,
    0.15779449045658112,
    0.18473310768604279,
    0.21421611309051514,
    0.24558666348457336,
    0.27715834975242615,
    0.31582778692245483,
    0.37161415815353394,
    0.43240487575531006,
    0.4951534867286682,
    0.5607395768165588,
    0.6472876071929932,
    0.7254197597503662,
    0.8322552442550659,
    0.951594352722168,
    1.0616483688354492,
    1.219560980796814,
    1.389765739440918,
    1.5881694555282593,
    1.845211148262024,
    2.1126229763031006,
    2.443315029144287,
    2.853482723236084,
    3.3194937705993652,
    3.855591297149658,
    4.473977088928223,
    5.190371513366699,
    6.008306980133057,
    6.993823528289795,
    8.131477355957031,
    9.535468101501465,
    11.110602378845215,
    12.883439064025879,
    14.863191604614258,
    17.070920944213867,
    19.564132690429688,
    22.36474609375,
    25.422447204589844,
    28.728553771972656,
    32.46211242675781,
    36.500186920166016,
    40.950477600097656,
    45.830711364746094,
    51.12140655517578,
    56.47188949584961,
    62.24198913574219,
    68.42926025390625,
    75.081298828125,
    81.93638610839844,
    89.34454345703125,
    97.46994018554688,
    106.51425170898438,
    115.44940185546875,
    124.67195129394531,
    134.83798217773438,
    145.43316650390625,
    156.13235473632812,
    167.4808349609375,
    179.84765625,
    192.27867126464844,
    204.695068359375,
    217.6092987060547,
    231.3143310546875,
    245.47433471679688,
    261.13470458984375,
    277.662841796875,
    293.75482177734375,
    309.8856201171875,
    326.5995178222656,
    344.59820556640625,
    362.5273132324219,
    381.2515563964844,
    400.3397216796875
  ],
  "warmup_steps": 10
}