{
  "VPT50@0.25": 35,
  "VPT80@0.25": 28,
  "VPT80_fraction": 0.28,
  "checkpoint_step": 3400,
  "max_horizon": 100,
  "model_name": "student",
  "nMSE@10": 0.0013784539187327027,
  "nMSE@100": 61.38498306274414,
  "nMSE@90": 32.61410903930664,
  "nMSE_AUC": 8.581489562988281,
  "primary_metric": "VPT80@0.25",
  "step_nMSE@10": 0.0021097317803651094,
  "step_nMSE@100": 400.3397216796875
}