{
  "VPT50@0.10": 9,
  "VPT50@0.25": 16,
  "VPT50@0.50": 21,
  "VPT80@0.10": 3,
  "VPT80@0.25": 8,
  "VPT80@0.50": 12,
  "max_horizon": 100,
  "nMSE@1": 0.02381400391459465,
  "nMSE@10": 0.069729745388031,
  "nMSE@100": 216.54672241210938,
  "nMSE@5": 0.04338078200817108,
  "nMSE@90": 144.96926879882812,
  "nMSE_AUC": 43.57468032836914,
  "nMSE_curve": [
    0.02381400391459465,
    0.034201327711343765,
    0.036298006772994995,
    0.039330560714006424,
    0.04338078200817108,
    0.046982184052467346,
    0.05097305029630661,
    0.0560850165784359,
    0.06231194734573364,
    0.069729745388031,
    0.07914577424526215,
    0.0887560322880745,
    0.10013724863529205,
    0.11335986852645874,
    0.12896084785461426,
    0.14550814032554626,
    0.16528284549713135,
    0.18708708882331848,
    0.21168377995491028,
    0.24128863215446472,
    0.2748448848724365,
    0.31384921073913574,
    0.35863834619522095,
    0.40792208909988403,
    0.4642822742462158,
    0.5272449254989624,
    0.6004495024681091,
    0.6833345890045166,
    0.7775001525878906,
    0.883043110370636,
    1.0024337768554688,
    1.138770341873169,
    1.290082573890686,
    1.4628138542175293,
    1.6556026935577393,
    1.8729097843170166,
    2.122849941253662,
    2.4033234119415283,
    2.721141815185547,
    3.082150936126709,
    3.487168312072754,
    3.9399988651275635,
    4.443953037261963,
    5.002634525299072,
    5.615029335021973,
    6.285482883453369,
    7.018922805786133,
    7.8165082931518555,
    8.69024658203125,
    9.637974739074707,
    10.669733047485352,
    11.785469055175781,
    12.9844388961792,
    14.27634334564209,
    15.665563583374023,
    17.164813995361328,
    18.76068115234375,
    20.468162536621094,
    22.281455993652344,
    24.205101013183594,
    26.237960815429688,
    28.389636993408203,
    30.66692543029785,
    33.06349182128906,
    35.591285705566406,
    38.244415283203125,
    41.0271110534668,
    43.939456939697266,
    46.99388122558594,
    50.20481872558594,
    53.54647445678711,
    57.03192901611328,
    60.643287658691406,
    64.38282012939453,
    68.27090454101562,
    72.29768371582031,
    76.46778869628906,
    80.79502868652344,
    85.27007293701172,
    89.90965270996094,
    94.69755554199219,
    99.65841674804688,
    104.77024841308594,
    110.04202270507812,
    115.46321105957031,
    121.02467346191406,
    126.76274871826172,
    132.66177368164062,
    138.7224578857422,
    144.96926879882812,
    151.39950561523438,
    157.9705047607422,
    164.70074462890625,
    171.60342407226562,
    178.66610717773438,
    185.8911895751953,
    193.28842163085938,
    200.8658905029297,
    208.62179565429688,
    216.54672241210938
  ],
  "one_step_rmse": 0.03071555495262146,
  "open_loop_rmse@horizon": 1.680221438407898,
  "primary_metric": "VPT80@0.25",
  "step_nMSE@1": 0.02381400391459465,
  "step_nMSE@10": 0.13648995757102966,
  "step_nMSE@100": 1001.1134033203125,
  "step_nMSE@5": 0.05958166718482971,
  "step_nMSE@90": 700.935546875,
  "step_nMSE_curve": [
    0.02381400391459465,
    0.04458865523338318,
    0.040491361171007156,
    0.04842822253704071,
    0.05958166718482971,
    0.06498917937278748,
    0.07491827011108398,
    0.09186875820159912,
    0.1121273934841156,
    0.13648995757102966,
    0.17330606281757355,
    0.19446885585784912,
    0.23671182990074158,
    0.2852538824081421,
    0.3473746180534363,
    0.3937176764011383,
    0.4816778302192688,
    0.5577592849731445,
    0.6544244289398193,
    0.8037805557250977,
    0.9459699988365173,
    1.132940649986267,
    1.343998670578003,
    1.5414488315582275,
    1.8169257640838623,
    2.101311206817627,
    2.5037682056427,
    2.921232223510742,
    3.4141383171081543,
    3.9437875747680664,
    4.5841522216796875,
    5.365204811096191,
    6.132073402404785,
    7.162947177886963,
    8.210419654846191,
    9.478662490844727,
    11.120691299438477,
    12.780843734741211,
    14.798250198364258,
    17.161497116088867,
    19.687868118286133,
    22.50605010986328,
    25.610023498535156,
    29.025957107543945,
    32.560386657714844,
    36.45587921142578,
    40.75718688964844,
    45.302982330322266,
    50.62971496582031,
    56.07667541503906,
    62.25764465332031,
    68.68798828125,
    75.33086395263672,
    82.74730682373047,
    90.68341064453125,
    99.62356567382812,
    108.12930297851562,
    117.79464721679688,
    127.45236206054688,
    137.70030212402344,
    148.20956420898438,
    159.641845703125,
    171.85879516601562,
    184.04718017578125,
    197.3702392578125,
    210.69772338867188,
    224.68508911132812,
    239.0664825439453,
    254.69468688964844,
    271.75958251953125,
    287.46221923828125,
    304.4993896484375,
    320.6609802246094,
    337.36865234375,
    355.9886474609375,
    374.30645751953125,
    393.395751953125,
    413.99237060546875,
    434.32440185546875,
    456.43572998046875,
    477.72955322265625,
    501.48797607421875,
    523.9412841796875,
    547.5997314453125,
    570.8418579101562,
    593.74951171875,
    620.2371826171875,
    645.8778076171875,
    672.06201171875,
    700.935546875,
    730.1199951171875,
    755.931884765625,
    783.8826904296875,
    813.5540161132812,
    842.5573120117188,
    872.2743530273438,
    903.4218139648438,
    935.88037109375,
    968.702392578125,
    1001.1134033203125
  ],
  "warmup_steps": 10
}