{
  "VPT50@0.25": 16,
  "VPT80@0.25": 8,
  "VPT80_fraction": 0.08,
  "checkpoint_step": 3400,
  "max_horizon": 100,
  "model_name": "student",
  "nMSE@10": 0.069729745388031,
  "nMSE@100": 216.54672241210938,
  "nMSE@90": 144.96926879882812,
  "nMSE_AUC": 43.57468032836914,
  "primary_metric": "VPT80@0.25",
  "step_nMSE@10": 0.13648995757102966,
  "step_nMSE@100": 1001.1134033203125
}