{
  "best_score": 29.0,
  "checkpoint_metric": "val/VPT80@0.25",
  "checkpoint_mode": "max",
  "metrics": {
    "VPT50@0.10": 28,
    "VPT50@0.25": 37,
    "VPT50@0.50": 42,
    "VPT80@0.10": 23,
    "VPT80@0.25": 29,
    "VPT80@0.50": 33,
    "loss/one_step": 0.0012813216308131814,
    "loss/rollout": 0.008662955835461617,
    "loss/total": 0.007601655088365078,
    "max_horizon": 100,
    "nMSE@1": 0.0010707324836403131,
    "nMSE@10": 0.0010788755025714636,
    "nMSE@100": 57.358280181884766,
    "nMSE@5": 0.0009090582607313991,
    "nMSE@90": 30.575557708740234,
    "nMSE_AUC": 8.080906867980957,
    "nMSE_curve": [
      0.0010707324836403131,
      0.0009374046348966658,
      0.0008741940837353468,
      0.0008154145907610655,
      0.0009090582607313991,
      0.0008757442701607943,
      0.001019289717078209,
      0.0010658741230145097,
      0.0010712322546169162,
      0.0010788755025714636,
      0.001112412428483367,
      0.0011762215290218592,
      0.0013277693651616573,
      0.0015645630192011595,
      0.0019070017151534557,
      0.0023593376390635967,
      0.0028775096870958805,
      0.003418226260691881,
      0.004156186245381832,
      0.004936372395604849,
      0.005839201621711254,
      0.006916756741702557,
      0.008341709151864052,
      0.010262938216328621,
      0.012784698978066444,
      0.015946364030241966,
      0.019523601979017258,
      0.023701675236225128,
      0.02840425819158554,
      0.03392314165830612,
      0.04000787436962128,
      0.046741195023059845,
      0.0542304702103138,
      0.06225204095244408,
      0.07068681716918945,
      0.08029549568891525,
      0.0911087915301323,
      0.10331395268440247,
      0.11764171719551086,
      0.13363558053970337,
      0.15134021639823914,
      0.17098405957221985,
      0.1936294138431549,
      0.21873852610588074,
      0.24599604308605194,
      0.27642953395843506,
      0.3108873963356018,
      0.35160157084465027,
      0.400288850069046,
      0.45613792538642883,
      0.5184394121170044,
      0.5891707539558411,
      0.6685506105422974,
      0.759585976600647,
      0.8624948263168335,
      0.9779850244522095,
      1.1087803840637207,
      1.2566232681274414,
      1.422210454940796,
      1.6050059795379639,
      1.8124918937683105,
      2.0515270233154297,
      2.318145751953125,
      2.6136474609375,
      2.9419665336608887,
      3.3099682331085205,
      3.716404438018799,
      4.167632579803467,
      4.66114616394043,
      5.202680587768555,
      5.8002119064331055,
      6.451340675354004,
      7.165360450744629,
      7.937685966491699,
      8.767080307006836,
      9.659917831420898,
      10.619367599487305,
      11.64867115020752,
      12.755610466003418,
      13.931861877441406,
      15.18848991394043,
      16.531156539916992,
      17.960914611816406,
      19.48227310180664,
      21.095823287963867,
      22.799102783203125,
      24.595108032226562,
      26.491426467895508,
      28.4842586517334,
      30.575557708740234,
      32.77262878417969,
      35.064918518066406,
      37.45933532714844,
      39.954734802246094,
      42.55595397949219,
      45.28272247314453,
      48.126895904541016,
      51.079872131347656,
      54.15355682373047,
      57.358280181884766
    ],
    "one_step_rmse": 0.013499068096280098,
    "open_loop_rmse@horizon": 0.8481028079986572,
    "primary_metric": "VPT80@0.25",
    "step_nMSE@1": 0.0010707324836403131,
    "step_nMSE@10": 0.0011476654326543212,
    "step_nMSE@100": 374.62615966796875,
    "step_nMSE@5": 0.0012836328241974115,
    "step_nMSE@90": 216.7013702392578,
    "step_nMSE_curve": [
      0.0010707324836403131,
      0.0008040767861530185,
      0.0007477729814127088,
      0.0006390759954228997,
      0.0012836328241974115,
      0.0007091740844771266,
      0.0018805626314133406,
      0.0013919651973992586,
      0.00111409742385149,
      0.0011476654326543212,
      0.0014477807562798262,
      0.0018781223334372044,
      0.003146343631669879,
      0.0046428800560534,
      0.006701143924146891,
      0.009144377894699574,
      0.011168258264660835,
      0.012610409408807755,
      0.01743946596980095,
      0.01975991204380989,
      0.023895783349871635,
      0.029545430094003677,
      0.03969065099954605,
      0.054451216012239456,
      0.07330696284770966,
      0.09498797357082367,
      0.11253176629543304,
      0.13650967180728912,
      0.16007649898529053,
      0.19397079944610596,
      0.2225499153137207,
      0.25547412037849426,
      0.29388728737831116,
      0.3269639015197754,
      0.3574691414833069,
      0.4165992736816406,
      0.48038750886917114,
      0.5549049377441406,
      0.6620964407920837,
      0.7573965787887573,
      0.8595258593559265,
      0.9763816595077515,
      1.1447341442108154,
      1.2984306812286377,
      1.4453258514404297,
      1.6459360122680664,
      1.8959492444992065,
      2.265169143676758,
      2.7372777462005615,
      3.192742347717285,
      3.6335136890411377,
      4.196469306945801,
      4.796306610107422,
      5.584457874298096,
      6.419573783874512,
      7.329943656921387,
      8.433320045471191,
      9.683672904968262,
      11.026261329650879,
      12.3899507522583,
      14.26163387298584,
      16.632678985595703,
      18.848495483398438,
      21.230262756347656,
      23.954391479492188,
      27.230077743530273,
      30.54119110107422,
      34.399925231933594,
      38.22003936767578,
      42.568565368652344,
      47.627403259277344,
      52.68151092529297,
      58.57477569580078,
      64.31743621826172,
      70.14225769042969,
      76.622802734375,
      83.53744506835938,
      90.90509033203125,
      99.09686279296875,
      106.85577392578125,
      115.7187271118164,
      125.28721618652344,
      135.20114135742188,
      145.7550048828125,
      156.63388061523438,
      167.57785034179688,
      179.0516357421875,
      191.47113037109375,
      203.8533935546875,
      216.7013702392578,
      230.50885009765625,
      243.6633758544922,
      257.7454528808594,
      272.02716064453125,
      287.07037353515625,
      304.3258972167969,
      321.1675109863281,
      337.51824951171875,
      355.3748779296875,
      374.62615966796875
    ],
    "warmup_steps": 10
  },
  "model": "student",
  "updates": 3600
}